{
  "main": {
    "id": "0e05b48fa4131d5e",
    "type": "split",
    "children": [
      {
        "id": "94e5e8b3c08c78ec",
        "type": "tabs",
        "children": [
          {
            "id": "a67a1aae9e81b697",
            "type": "leaf",
            "state": {
              "type": "markdown",
              "state": {
                "file": "Implementace To-Do listu v jazyce Python.md",
                "mode": "source",
                "source": false
              }
            }
          }
        ]
      }
    ],
    "direction": "vertical"
  },
  "left": {
    "id": "0713aa49d1e2d293",
    "type": "split",
    "children": [
      {
        "id": "cb3c32dc7ab3dbea",
        "type": "tabs",
        "children": [
          {
            "id": "f1858e11a3ed0d77",
            "type": "leaf",
            "state": {
              "type": "file-explorer",
              "state": {
                "sortOrder": "alphabetical"
              }
            }
          },
          {
            "id": "ea9bd49482ff7de0",
            "type": "leaf",
            "state": {
              "type": "search",
              "state": {
                "query": "",
                "matchingCase": false,
                "explainSearch": false,
                "collapseAll": false,
                "extraContext": false,
                "sortOrder": "alphabetical"
              }
            }
          },
          {
            "id": "556a209cf89d9a75",
            "type": "leaf",
            "state": {
              "type": "bookmarks",
              "state": {}
            }
          }
        ]
      }
    ],
    "direction": "horizontal",
    "width": 300
  },
  "right": {
    "id": "142e08aa9349df61",
    "type": "split",
    "children": [
      {
        "id": "a53c940e299fb577",
        "type": "tabs",
        "children": [
          {
            "id": "748ffd3fc30bbcb4",
            "type": "leaf",
            "state": {
              "type": "backlink",
              "state": {
                "file": "Implementace To-Do listu v jazyce Python.md",
                "collapseAll": false,
                "extraContext": false,
                "sortOrder": "alphabetical",
                "showSearch": false,
                "searchQuery": "",
                "backlinkCollapsed": false,
                "unlinkedCollapsed": true
              }
            }
          },
          {
            "id": "05d8055e9725dcaf",
            "type": "leaf",
            "state": {
              "type": "outgoing-link",
              "state": {
                "file": "Implementace To-Do listu v jazyce Python.md",
                "linksCollapsed": false,
                "unlinkedCollapsed": true
              }
            }
          },
          {
            "id": "415e783e8e6af7e8",
            "type": "leaf",
            "state": {
              "type": "tag",
              "state": {
                "sortOrder": "frequency",
                "useHierarchy": true
              }
            }
          },
          {
            "id": "77a0f10b205ad1d0",
            "type": "leaf",
            "state": {
              "type": "outline",
              "state": {
                "file": "Implementace To-Do listu v jazyce Python.md"
              }
            }
          }
        ]
      }
    ],
    "direction": "horizontal",
    "width": 300,
    "collapsed": true
  },
  "left-ribbon": {
    "hiddenItems": {
      "switcher:Otevřít rychlé přepínání": false,
      "graph:Otevřít graf": false,
      "canvas:Create new canvas": false,
      "daily-notes:Otevřít dnešní poznámku": false,
      "templates:Vložit šablonu": false,
      "command-palette:Otevřít paletu příkazů": false
    }
  },
  "active": "a67a1aae9e81b697",
  "lastOpenFiles": [
    "to-do-list.py",
    "Implementace To-Do listu v jazyce Python.md"
  ]
}